City,total_orders,total_sales,total_profit,total_quantity,sales_percentage,profit_margin_percentage
Delhi,144,3963431.6799999997,1013917.41,697.0,17.24,25.58
Jaipur,104,3477385.1,1058125.5050000001,459.0,15.13,30.43
Pune,118,3212707.4699999997,786612.43,525.0,13.97,24.48
Bangalore,131,2799002.17,704858.47,613.0,12.17,25.18
Lucknow,111,2655551.68,789260.79,501.0,11.55,29.72
Mumbai,120,2610849.0100000002,765934.0599999999,548.0,11.36,29.34
Chennai,120,2508805.92,631930.55,533.0,10.91,25.19
Hyderabad,116,1621652.29,428532.52,516.0,7.05,26.43
Unknown,18,141468.31,49129.28,71.0,0.62,34.73
